City,Cloudiness,Country,Date,Humidity,Lat,Lng,Max Temp,Wind Speed
Atuona,0,PF,1566338730,74,-9.8,-139.03,79.97,20.58
Quelimane,20,MZ,1566338731,77,-17.88,36.89,69.8,8.05
Hilo,40,US,1566338732,66,19.71,-155.08,84.2,4.7
Te Anau,100,NZ,1566338734,84,-45.41,167.72,38.21,3.91
Port Alfred,4,ZA,1566338735,92,-33.59,26.89,55.99,3.0
Teya,75,MX,1566338736,94,21.05,-89.07,81.0,5.82
Ruidoso,1,US,1566338737,46,33.33,-105.67,91.4,12.44
Busselton,0,AU,1566338738,65,-33.64,115.35,62.51,20.33
Porto Belo,75,BR,1566338739,72,-27.15,-48.54,60.8,4.7
Upernavik,100,GL,1566338742,86,72.79,-56.15,42.89,4.92
Ati,100,TD,1566338743,83,13.21,18.34,76.55,6.06
Punta Arenas,20,CL,1566338744,75,-53.16,-70.91,41.0,13.87
Sioux Lookout,40,CA,1566338521,49,50.1,-91.92,69.8,10.29
Saint-Augustin,5,CA,1566338746,39,45.63,-73.98,82.99,8.05
Airai,29,TL,1566338748,76,-8.93,125.41,65.75,5.01
Albany,20,US,1566338749,45,42.65,-73.75,86.0,6.93
Muros,0,ES,1566338750,82,42.77,-9.06,73.0,5.82
Butaritari,6,KI,1566338751,71,3.07,172.79,84.83,10.29
Nouadhibou,0,MR,1566338752,73,20.93,-17.03,73.4,20.8
New Norfolk,74,AU,1566338753,84,-42.78,147.06,42.01,3.0
Grand-Santi,3,GF,1566338756,95,4.27,-54.38,78.89,2.59
Tasiilaq,0,GL,1566338757,39,65.61,-37.64,48.2,11.41
Kapaa,40,US,1566338758,78,22.08,-159.32,84.0,13.87
Port Blair,100,IN,1566338759,81,11.67,92.75,83.03,21.39
Kumluca,0,TR,1566338760,64,36.37,30.29,61.97,3.36
Rock Sound,100,BS,1566338762,74,24.9,-76.2,83.39,10.83
Thompson,75,CA,1566338763,76,55.74,-97.86,57.2,11.41
East London,16,ZA,1566338764,92,-33.02,27.91,52.43,3.83
Bredasdorp,0,ZA,1566338766,87,-34.53,20.04,54.0,5.82
Ushuaia,0,AR,1566338769,60,-54.81,-68.31,42.8,6.93
Mataura,97,NZ,1566338576,75,-46.19,168.86,44.01,4.0
Nikolskoye,40,RU,1566338771,77,59.7,30.79,63.0,4.47
Bluff,0,AU,1566338772,54,-23.58,149.07,48.11,5.91
Faya,0,SA,1566338773,68,18.39,42.45,73.4,3.36
Iqaluit,20,CA,1566338775,53,63.75,-68.52,51.8,5.82
Avarua,0,CK,1566338631,88,-21.21,-159.78,77.0,3.36
Salinas,1,US,1566338675,53,36.67,-121.66,82.99,8.05
Djenne,100,ML,1566338778,64,13.91,-4.55,83.93,7.29
Norman Wells,20,CA,1566338779,41,65.28,-126.83,57.2,12.75
Saskylakh,100,RU,1566338780,85,71.97,114.09,48.29,10.27
Victoria,90,BN,1566338649,94,5.28,115.24,78.8,14.99
Castro,90,CL,1566338552,81,-42.48,-73.76,48.2,10.29
Narsaq,0,GL,1566338784,54,60.91,-46.05,55.4,6.93
Worland,1,US,1566338785,21,44.02,-107.96,93.99,8.05
Puerto Ayora,20,EC,1566338637,65,-0.74,-90.35,77.0,24.16
Mehamn,0,NO,1566338787,93,71.03,27.85,50.0,5.82
Broome,32,GB,1566338788,71,52.47,1.45,59.0,3.36
Kodiak,1,US,1566338789,74,39.95,-94.76,91.99,11.41
Kologriv,85,RU,1566338790,96,58.83,44.31,60.35,3.51
Barrow,19,AR,1566338793,53,-38.31,-60.23,46.31,3.65
Tilichiki,100,RU,1566338794,85,60.47,166.1,53.69,3.33
Adrar,0,DZ,1566338795,8,27.87,-0.29,98.6,13.87
Carnarvon,0,ZA,1566338796,28,-30.97,22.13,53.15,7.74
Coihaique,75,CL,1566338797,39,-45.58,-72.07,53.6,14.99
Kashary,0,RU,1566338798,67,49.04,41.01,72.23,11.92
Santa Maria,0,BR,1566338800,25,-16.02,-48.01,84.2,5.82
Kudahuvadhoo,51,MV,1566338801,76,2.67,72.89,82.13,8.3
Pozo Colorado,0,PY,1566338802,29,-23.49,-58.8,74.75,5.44
Khatanga,100,RU,1566338804,80,71.98,102.47,48.11,8.3
Sao Joao da Barra,75,BR,1566338585,83,-21.64,-41.05,73.4,4.7
Mahibadhoo,61,MV,1566338806,78,3.78,72.97,81.77,10.04
Sao Felix do Xingu,17,BR,1566338808,32,-6.64,-51.99,91.67,4.36
Cabo San Lucas,20,MX,1566338615,52,22.89,-109.91,100.99,11.41
Rikitea,0,PF,1566338811,79,-23.12,-134.97,72.59,6.96
Tuktoyaktuk,75,CA,1566338812,65,69.44,-133.03,46.4,10.29
Port Lincoln,100,AU,1566338813,83,-34.72,135.86,56.75,17.72
Chuy,63,UY,1566338814,74,-33.69,-53.46,45.05,11.77
Qaanaaq,98,GL,1566338816,90,77.48,-69.36,34.79,2.19
Manzhouli,100,CN,1566338817,94,49.6,117.43,51.71,22.57
Jamestown,80,AU,1566338818,92,-33.21,138.6,45.41,4.7
Victor Harbor,75,AU,1566338819,87,-35.55,138.62,55.99,8.05
Nanortalik,99,GL,1566338820,95,60.14,-45.24,40.55,5.32
Chapais,90,CA,1566338821,49,49.78,-74.86,73.4,9.17
San Patricio,0,PY,1566338824,65,-26.98,-56.83,60.17,6.91
Huilong,66,CN,1566338825,79,31.15,106.5,77.81,2.19
Washougal,1,US,1566338826,37,45.58,-122.35,86.0,5.19
Cotonou,40,BJ,1566338827,88,6.37,2.43,78.8,11.41
Provideniya,0,RU,1566338830,62,64.42,-173.23,55.4,4.47
Luderitz,29,NA,1566338833,26,-26.65,15.16,72.41,22.32
Mahebourg,75,MU,1566338835,88,-20.41,57.7,71.01,12.75
Shadrinsk,82,RU,1566338836,95,56.09,63.63,55.31,11.36
Mayumba,28,GA,1566338838,90,-3.44,10.65,72.41,7.94
Sambava,86,MG,1566338839,97,-14.27,50.17,65.39,2.51
Ormara,23,PK,1566338840,82,25.21,64.64,79.25,11.86
Bethel,1,US,1566338826,58,60.79,-161.76,59.0,12.75
Lata,0,IN,1566338842,88,30.78,78.62,37.49,2.08
Naze,100,NG,1566338843,91,5.43,7.07,75.47,2.91
Yellowknife,75,CA,1566338613,54,62.45,-114.38,57.2,8.05
Vaini,100,IN,1566338845,91,15.34,74.49,76.73,2.33
Esperance,0,AU,1566338847,81,-33.86,121.89,44.6,10.29
Acapulco,75,MX,1566338848,70,16.86,-99.88,86.0,17.22
Meoqui,20,MX,1566338849,35,28.27,-105.48,89.6,5.82
Hobart,75,AU,1566338814,81,-42.88,147.33,45.0,33.33
Dikson,80,RU,1566338851,90,73.51,80.55,43.43,4.05
Kaitangata,60,NZ,1566338852,64,-46.28,169.85,44.01,1.99
Cidreira,39,BR,1566338854,81,-30.17,-50.22,51.71,9.57
Ust-Tsilma,72,RU,1566338855,97,65.44,52.15,56.03,4.79
Saint-Philippe,1,CA,1566338856,45,45.36,-73.48,84.2,3.36
Lorengau,100,PG,1566338857,82,-2.02,147.27,78.71,11.32
Belaya Gora,5,RU,1566338858,46,68.54,146.19,65.75,4.03
Hermanus,0,ZA,1566338859,90,-34.42,19.24,54.0,11.01
Kaseda,75,JP,1566338861,100,31.42,130.32,75.2,2.24
Nhulunbuy,40,AU,1566338862,60,-12.18,136.78,73.4,13.87
Arraial do Cabo,75,BR,1566338863,88,-22.97,-42.02,71.6,3.36
Ancud,90,CL,1566338864,81,-41.87,-73.83,48.2,10.29
Severo-Kurilsk,100,RU,1566338865,96,50.68,156.12,48.65,1.5
Port Elizabeth,1,US,1566338866,74,39.31,-74.98,90.0,9.17
Chokurdakh,65,RU,1566338868,61,70.62,147.9,54.05,8.88
Morgan City,75,US,1566338869,79,29.7,-91.21,93.2,6.93
Waipawa,100,NZ,1566338870,92,-39.94,176.59,46.99,6.24
Pitimbu,0,BR,1566338871,78,-7.47,-34.81,75.2,6.93
Alakurtti,24,RU,1566338872,88,66.96,30.34,50.0,5.61
Tumbagaan,100,PH,1566338873,76,5.37,120.31,83.03,13.11
Dingle,100,PH,1566338875,86,11.0,122.67,74.93,5.64
Padang,98,ID,1566338876,83,-0.92,100.36,80.15,15.57
Broken Hill,0,AU,1566338877,81,-31.97,141.45,44.6,8.05
Weymouth,1,US,1566338642,29,42.22,-70.94,87.8,3.36
Cape Town,0,ZA,1566338672,71,-33.93,18.42,57.2,14.99
Kruisfontein,0,ZA,1566338880,89,-34.0,24.73,46.85,2.33
Kavieng,100,PG,1566338881,80,-2.57,150.8,79.61,6.6
Souillac,0,FR,1566338882,77,45.6,-0.6,64.4,2.24
Bon Accord,1,CA,1566338884,56,53.84,-113.41,75.0,8.05
Tura,100,RU,1566338885,66,64.27,100.22,49.55,4.61
Los Llanos de Aridane,90,ES,1566338886,83,28.66,-17.92,73.4,14.99
Lapeer,40,US,1566338887,66,43.05,-83.32,87.01,4.7
Novocheboksarsk,0,RU,1566338889,93,56.11,47.49,62.6,2.24
Jiwani,0,PK,1566338892,81,25.05,61.74,81.41,13.11
Oktyabrskoye,41,RU,1566338893,93,56.73,85.44,51.01,2.48
Storforshei,40,NO,1566338894,93,66.4,14.52,53.6,1.12
Lompoc,1,US,1566338648,60,34.64,-120.46,82.99,18.34
Hithadhoo,82,MV,1566338897,73,-0.6,73.08,82.85,9.08
Mar del Plata,3,AR,1566338898,71,-46.43,-67.52,39.11,14.65
Zhanaozen,0,KZ,1566338899,16,43.35,52.85,83.93,12.12
Aksarka,0,RU,1566338900,87,66.56,67.8,48.65,1.25
Nome,40,US,1566338901,74,30.04,-94.42,87.8,5.82
Osoyoos,75,CA,1566338903,28,49.03,-119.47,89.6,8.05
Lakes Entrance,99,AU,1566338904,81,-37.88,147.99,57.0,5.01
Sao Filipe,6,CV,1566338905,88,14.9,-24.5,77.63,10.13
Palana,0,RU,1566338906,90,59.08,159.95,52.79,7.9
Awjilah,0,LY,1566338907,59,29.14,21.3,76.01,12.3
Katsuura,75,JP,1566338908,100,33.93,134.5,81.0,5.82
Shenxian,100,CN,1566338910,97,36.24,115.67,72.59,4.41
Ponta do Sol,88,BR,1566338911,86,-20.63,-46.0,64.67,2.95
Thio,20,NC,1566338912,60,-21.61,166.22,68.0,9.17
Cap-aux-Meules,5,CA,1566338913,64,47.38,-61.86,71.6,14.99
Georgetown,40,GY,1566338914,74,6.8,-58.16,86.0,6.93
Faanui,11,PF,1566338915,80,-16.48,-151.75,80.15,14.74
Anahuac,0,MX,1566338917,53,26.44,-109.02,105.01,5.99
Pimentel,26,BR,1566338918,59,-3.7,-45.5,84.65,4.85
Luwuk,100,ID,1566338919,96,-0.95,122.79,61.25,8.28
Rajgarh,99,IN,1566338921,88,24.01,76.73,76.19,9.6
Pangnirtung,20,CA,1566338922,76,66.15,-65.72,50.0,17.22
Pevek,100,RU,1566338924,78,69.7,170.27,44.87,11.21
Vardo,1,US,1566338925,78,39.62,-77.74,91.4,6.93
Nuuk,75,GL,1566338926,87,64.17,-51.74,44.6,8.05
Vylkove,0,UA,1566338927,50,45.4,29.58,71.69,7.27
Barra Velha,75,BR,1566338928,72,-26.63,-48.68,60.8,4.7
Husavik,0,CA,1566338929,30,50.56,-96.99,71.01,5.99
Carlagan,100,PH,1566338932,80,14.97,122.05,80.51,8.48
Laramie,1,US,1566338713,8,41.31,-105.59,89.6,8.05
Bilma,75,NE,1566338934,55,18.69,12.92,83.93,15.55
Portland,1,US,1566338887,51,43.66,-70.25,82.4,8.05
Port Hardy,90,CA,1566338936,77,50.7,-127.42,62.6,6.93
Mezen,100,RU,1566338938,96,65.85,44.24,55.49,3.13
Wilmington,1,US,1566338793,70,39.75,-75.55,90.0,8.05
Severo-Yeniseyskiy,51,RU,1566338940,70,60.37,93.04,50.81,2.57
Kysyl-Syr,97,RU,1566338941,98,63.9,122.77,53.51,4.5
Elko,1,US,1566338943,9,40.83,-115.76,93.99,8.05
Kieta,91,PG,1566338944,74,-6.22,155.63,80.15,4.61
Klaksvik,62,FO,1566338946,93,62.23,-6.59,42.8,6.93
Tabou,100,CI,1566338947,91,4.42,-7.36,74.21,7.85
Kailua,90,US,1566338948,61,21.39,-157.74,89.6,11.41
Kamaishi,98,JP,1566338949,97,39.28,141.86,64.67,0.54
Arys,0,KZ,1566338950,31,42.43,68.8,73.4,4.47
Alyangula,48,AU,1566338952,49,-13.85,136.42,69.8,10.29
Salalah,90,OM,1566338953,100,17.01,54.1,75.2,5.82
Namibe,100,AO,1566338954,86,-15.19,12.15,66.83,5.01
Pochutla,75,MX,1566338955,66,15.74,-96.47,88.0,13.87
Lebu,30,ET,1566338956,89,8.96,38.73,55.13,2.24
Hasaki,75,JP,1566338957,94,35.73,140.83,75.2,2.24
Laguna,75,BZ,1566338959,83,16.17,-88.94,84.2,6.93
Aleksandrov Gay,0,RU,1566338960,23,50.14,48.57,79.25,5.23
Cayenne,0,GF,1566338962,70,4.94,-52.33,84.2,5.82
Soyo,0,AO,1566338963,83,-6.13,12.37,73.49,10.58
Calvinia,0,ZA,1566338964,26,-31.47,19.78,58.01,5.21
Tiksi,100,RU,1566338965,95,71.64,128.87,46.49,5.35
Guantanamo,70,BO,1566338968,35,-16.14,-62.05,86.0,11.41
Port-Cartier,75,CA,1566338969,82,50.03,-66.88,66.99,8.05
Banjarmasin,20,ID,1566338700,83,-3.32,114.59,75.2,2.24
Isangel,75,VU,1566338971,73,-19.55,169.27,71.6,6.93
Cockburn Town,100,TC,1566338786,79,21.46,-71.14,83.57,16.24
Opuwo,0,NA,1566338973,19,-18.06,13.84,61.07,6.38
Vila Franca do Campo,40,PT,1566338974,94,37.72,-25.43,71.6,8.05
Ribeira Grande,40,PT,1566338976,83,38.52,-28.7,73.4,13.87
Dover,1,US,1566338955,40,39.16,-75.52,90.0,4.7
Springfield,1,US,1566338713,29,42.1,-72.59,89.01,6.93
Dhidhdhoo,75,MV,1566338980,82,6.88,73.1,81.59,12.46
Vila Velha,0,BR,1566338981,69,-3.71,-38.6,80.6,11.41
Santiago del Estero,0,AR,1566338982,32,-27.8,-64.26,65.03,7.94
Riberalta,75,BO,1566338984,74,-11.0,-66.08,78.8,4.21
Angoche,0,MZ,1566338985,74,-16.23,39.91,67.01,5.97
Lunavada,80,IN,1566338987,85,23.13,73.61,78.71,6.55
Alofi,75,NU,1566338920,83,-19.06,-169.92,77.0,3.36
Ucluelet,75,CA,1566338989,77,48.94,-125.55,75.99,13.87
Khon Kaen,75,TH,1566338990,88,16.43,102.84,77.0,4.7
Pisco,90,PE,1566338992,30,-13.71,-76.2,71.6,5.82
Kaoma,0,ZM,1566338993,29,-14.8,24.8,58.01,7.0
Port Hedland,0,AU,1566338994,17,-20.31,118.58,64.4,12.75
Sarakhs,0,TM,1566338995,29,36.54,61.16,75.2,4.7
Hovd,75,NO,1566338996,93,63.83,10.7,57.0,4.7
Codrington,0,AU,1566338999,70,-28.95,153.24,55.99,4.7
Kang,0,BW,1566339000,23,-23.67,22.79,56.93,5.12
Ilulissat,40,GL,1566339001,75,69.22,-51.1,44.6,3.36
Saint George,0,GR,1566339002,68,39.45,22.34,71.6,3.29
Alekseyevsk,2,RU,1566339004,96,57.84,108.35,43.61,1.66
Ballina,27,IE,1566339008,96,54.11,-9.15,60.01,15.99
Taltal,0,CL,1566339009,65,-25.41,-70.49,57.83,3.22
Altay,87,CN,1566339010,80,47.83,88.13,46.13,1.43
Kisangani,76,CD,1566339012,93,0.52,25.21,72.59,2.04
Goya,0,AR,1566339013,54,-29.14,-59.27,60.17,8.5
Centralina,58,BR,1566338718,36,-18.58,-49.2,84.47,3.2
Mitsamiouli,70,KM,1566339016,82,-11.38,43.28,76.55,23.8
Sinnamary,1,GF,1566339017,81,5.38,-52.96,81.59,15.14
Mongagua,90,BR,1566338863,100,-24.09,-46.62,63.0,3.36
Forbes,18,AU,1566339019,77,-33.38,148.01,50.0,1.01
Zhigansk,100,RU,1566339021,90,66.77,123.37,53.87,1.9
Villa Rica,75,CO,1566339022,48,3.18,-76.46,86.0,11.41
Chichibu,40,JP,1566339023,94,35.99,139.07,81.0,3.36
Lasa,20,CY,1566339024,78,34.92,32.53,77.0,3.36
Tupik,100,RU,1566339026,98,54.43,119.94,47.21,9.93
Komsomolskiy,0,RU,1566339027,89,67.55,63.78,50.81,6.98
Sangmelima,100,CM,1566339029,98,2.93,11.98,67.73,4.41
Ponta Delgada,40,PT,1566339031,94,37.73,-25.67,71.6,8.05
Anadyr,0,RU,1566339032,58,64.73,177.51,55.4,8.95
Cherskiy,89,RU,1566339033,54,68.75,161.3,65.03,2.71
Soto la Marina,17,MX,1566338857,29,23.77,-98.21,99.23,17.49
Sitka,89,US,1566339035,29,37.17,-99.65,100.99,11.01
Banjar,84,ID,1566339036,94,-7.37,108.54,68.27,1.59
Tessalit,7,ML,1566339038,14,20.2,1.01,99.41,1.5
Trairi,6,BR,1566339039,68,-3.28,-39.27,76.01,6.78
Matucana,0,PE,1566339040,45,-11.84,-76.39,60.17,8.28
Aykhal,90,RU,1566339042,100,65.95,111.51,50.0,4.47
Whyalla,0,AU,1566339043,87,-33.04,137.58,46.4,9.17
Sibolga,100,ID,1566339045,87,1.74,98.78,77.63,3.62
Fort Nelson,90,CA,1566339046,93,58.81,-122.69,46.4,3.36
Kulhudhuffushi,100,MV,1566339047,82,6.62,73.07,81.59,12.24
Lerwick,15,GB,1566339048,76,60.15,-1.15,51.8,4.7
Gweru,21,ZW,1566339049,80,-19.46,29.82,55.13,16.64
Marsh Harbour,1,BS,1566339050,69,26.54,-77.06,85.55,9.78
Fortuna,1,US,1566339052,60,40.6,-124.16,71.6,18.34
Gao,44,ML,1566339053,36,16.28,-0.04,94.55,9.33
Saint-Pierre,0,FR,1566339054,72,48.95,4.24,60.8,1.12
North Bend,40,US,1566338936,68,43.41,-124.22,66.99,6.93
Tuatapere,100,NZ,1566339056,75,-46.13,167.69,44.01,3.0
Agirish,0,RU,1566339057,85,61.92,63.02,50.99,4.43
Solnechnyy,100,RU,1566339059,99,50.72,136.64,52.25,3.18
Shaowu,0,CN,1566339060,73,27.34,117.49,73.13,2.06
Antonio Escobedo,27,MX,1566339061,43,20.8,-104.02,91.0,1.99
Wasilla,90,US,1566339062,38,61.58,-149.44,63.0,4.7
Kaeo,18,NZ,1566339064,100,-35.1,173.78,55.99,1.01
Metro,39,ID,1566339065,88,-5.11,105.31,71.15,3.36
Dunedin,0,NZ,1566338924,64,-45.87,170.5,48.99,14.0
Necochea,0,AR,1566339067,77,-38.55,-58.74,41.0,6.76
Kasempa,0,ZM,1566339069,27,-13.46,25.83,61.25,7.81
Namwala,0,ZM,1566339071,33,-15.75,26.45,59.81,5.57
Longyearbyen,75,NO,1566339072,86,78.22,15.63,39.2,8.05
Alekseyevka,0,RU,1566339073,88,53.25,50.49,64.4,6.71
Jian,100,IN,1566339074,83,25.65,87.89,81.77,6.96
Otane,100,NZ,1566339075,92,-39.89,176.62,46.99,6.24
Diamantino,21,BR,1566339076,26,-14.4,-56.44,93.29,6.69
Punta de Piedra,100,VE,1566339079,98,7.62,-71.49,71.15,5.03
Vila,0,IT,1566339080,100,45.18,8.4,75.99,11.41
Port Moresby,20,PG,1566339081,88,-9.47,147.16,69.8,3.36
Miyako,75,JP,1566339082,100,33.63,130.94,80.6,4.7
Baykit,75,RU,1566339083,70,61.68,96.39,50.81,4.45
Saldanha,59,PT,1566339085,35,41.42,-6.55,70.97,9.93
Okha,100,RU,1566339086,92,53.59,142.95,51.89,15.95
Grand Forks,1,US,1566339088,40,47.91,-97.06,75.2,11.41
Zandvoort,0,NL,1566339089,82,52.37,4.53,61.0,4.7
Langsa,99,ID,1566339090,94,4.47,97.97,68.27,2.8
Renqiu,0,CN,1566339092,85,38.71,116.1,64.85,4.97
Valparaiso,90,US,1566338904,100,41.47,-87.06,77.0,5.82
Paamiut,100,GL,1566339094,96,61.99,-49.67,39.11,15.55
Verkhnevilyuysk,81,RU,1566339096,98,63.45,120.31,51.35,3.74
Monrovia,75,LR,1566339097,94,6.33,-10.8,77.0,11.03
Azuqueca de Henares,0,ES,1566339099,50,40.57,-3.26,75.99,9.17
Palmas,0,BR,1566338889,23,-10.18,-48.33,95.0,2.24
Talara,0,PE,1566338803,290,-4.58,-81.27,62.6,16.4
Bathsheba,40,BB,1566339102,70,13.22,-59.52,84.2,12.75
Tanabe,100,JP,1566339103,89,33.73,135.39,82.0,3.27
Praia da Vitoria,90,PT,1566339104,100,38.73,-27.07,69.8,20.98
Kavakli,0,TR,1566339105,88,41.09,28.33,75.99,6.93
Grindavik,90,IS,1566339107,76,63.84,-22.43,53.6,24.16
Comodoro Rivadavia,0,AR,1566339108,65,-45.87,-67.48,44.6,12.75
Kutum,95,SD,1566339109,61,14.2,24.66,77.45,3.91
Lagoa,0,PT,1566339110,50,37.14,-8.45,75.2,9.17
Whitecourt,20,CA,1566339111,64,54.14,-115.68,69.8,11.41
Wloclawek,100,PL,1566339112,52,52.65,19.07,68.63,6.42
Athabasca,34,CA,1566339115,60,54.72,-113.29,68.45,10.6
Grand Gaube,75,MU,1566339117,88,-20.01,57.66,71.01,12.75
Varhaug,40,NO,1566339118,82,58.61,5.65,55.99,6.93
Gaoua,100,BF,1566339119,95,10.33,-3.18,71.33,2.57
Tecoanapa,75,MX,1566339122,70,16.99,-99.26,87.8,11.41
Bereznik,70,RU,1566339123,96,62.86,42.71,57.29,4.32
Inhambane,3,MZ,1566339124,87,-23.87,35.38,58.37,3.76
Mecca,21,SA,1566339125,32,21.43,39.83,88.79,7.78
Flin Flon,75,CA,1566339127,48,54.77,-101.88,62.6,20.8
Ahuimanu,90,US,1566339114,61,21.44,-157.84,89.6,11.41
Catumbela,10,AO,1566339129,93,-12.43,13.55,64.85,1.36
Sydney,0,AU,1566339082,50,-33.85,151.22,59.0,23.04
Clyde River,75,CA,1566339131,75,70.47,-68.59,46.4,20.8
Sur,0,OM,1566338931,73,22.57,59.53,76.37,14.74
Pontianak,35,ID,1566339134,80,-0.02,109.34,78.35,9.26
Bilbor,0,RO,1566339136,82,47.07,25.49,64.99,6.17
Okhotsk,0,RU,1566339137,82,59.36,143.24,55.67,1.16
Kitahiroshima,75,JP,1566339138,100,42.96,141.52,69.01,4.7
Sorland,70,NO,1566339139,86,67.67,12.69,55.49,20.27
Margate,75,AU,1566339140,81,-43.03,147.26,45.0,33.33
Impfondo,60,CD,1566339142,94,1.62,18.06,71.69,1.95
Troy,20,US,1566339120,45,42.73,-73.69,86.0,6.93
Lebedinyy,100,RU,1566339144,90,58.52,125.52,47.75,0.2
Svetlogorsk,40,RU,1566339145,77,53.14,59.15,62.6,6.71
Byron Bay,0,AU,1566339146,66,-28.65,153.62,60.01,3.36
Meiganga,100,CM,1566339147,96,6.52,14.29,67.19,2.3
Murmashi,0,RU,1566339148,81,68.82,32.82,50.0,4.47
Sept-Iles,75,CA,1566339002,82,50.2,-66.38,66.99,8.05
Verkhniy Fiagdon,40,RU,1566339151,100,42.83,44.31,71.01,4.47
Bosaso,64,SO,1566339152,65,11.28,49.18,86.27,9.69
Qabaqcol,40,AZ,1566339153,31,41.72,46.26,78.8,13.87
Coquimbo,75,CL,1566339154,87,-29.95,-71.34,53.6,14.99
Guira de Melena,75,CU,1566339155,59,22.79,-82.51,89.6,3.36
Huarmey,0,PE,1566339157,88,-10.07,-78.15,59.99,13.6
Netarhat,67,IN,1566339158,91,23.45,84.31,71.69,2.62
Skjervoy,2,NO,1566339159,94,70.03,20.97,48.83,1.77
Tocopilla,90,CL,1566339160,84,-22.09,-70.2,55.49,6.44
Bronnoysund,27,NO,1566339161,82,65.46,12.2,55.99,17.22
Arlit,100,NE,1566339164,36,18.74,7.39,92.03,17.11
Kautokeino,0,NO,1566339165,86,69.01,23.04,48.65,6.42
Abbeville,0,FR,1566339166,77,50.11,1.83,59.0,13.94
Ourem,0,PT,1566339167,88,39.64,-8.59,73.0,4.7
Aripuana,90,BR,1566339169,84,-9.17,-60.63,73.49,3.94
Sola,100,TZ,1566339170,38,-3.17,33.8,74.39,4.65
Nantucket,1,US,1566339171,54,41.28,-70.1,81.0,9.17
Labytnangi,0,RU,1566339172,92,66.66,66.39,46.85,0.98
Hope,1,US,1566339173,50,33.67,-93.59,99.0,4.7
Port Shepstone,91,ZA,1566339175,79,-30.74,30.45,56.21,4.76
Sistranda,40,NO,1566339176,82,63.73,8.83,57.0,13.87
Mareeba,75,AU,1566339177,72,-16.99,145.42,69.01,13.87
Camacha,75,PT,1566339178,73,33.08,-16.33,73.4,9.17
Bani Walid,0,LY,1566339180,70,31.76,14.0,69.35,10.6
Bonavista,90,CA,1566339181,78,48.65,-53.11,66.99,7.0
Hastings,100,NZ,1566339183,95,-39.64,176.84,45.95,6.24
Tokur,100,RU,1566339184,99,53.13,132.9,48.29,4.27
Turayf,0,SA,1566339185,26,31.68,38.65,78.8,9.17
Aswan,0,EG,1566339186,26,24.09,32.9,91.4,5.82
Tomatlan,95,MX,1566339187,74,19.93,-105.25,85.73,14.2
Uribia,0,CO,1566339189,45,11.71,-72.27,92.93,14.88
Pimampiro,75,EC,1566339190,71,0.39,-77.94,53.6,13.87
Trinidad,46,BO,1566339050,45,-14.83,-64.9,84.2,4.7
Bonfim,98,GY,1566339192,58,3.36,-59.84,86.45,7.45
Ibra,0,OM,1566339194,65,22.69,58.55,76.01,4.88
Effingham,1,US,1566339066,47,39.12,-88.54,81.0,5.82
Torbay,90,CA,1566339197,94,47.66,-52.73,70.0,20.8
Dickinson,1,US,1566339068,38,46.88,-102.79,78.01,5.82
Qaqortoq,0,GL,1566339200,54,60.72,-46.03,55.4,6.93
Axim,100,GH,1566339201,91,4.87,-2.24,74.57,7.09
Hamilton,75,CA,1566339202,54,43.26,-79.87,86.0,11.41
Yar-Sale,0,RU,1566339203,82,66.83,70.83,46.49,4.21
Masallatah,0,LY,1566339205,71,32.62,14.0,72.23,12.55
Ipixuna,40,BR,1566339206,78,-1.76,-48.8,82.4,9.17
Nizhneangarsk,0,RU,1566339207,83,55.78,109.57,38.75,4.74
Quatre Cocos,75,MU,1566339208,88,-20.21,57.76,71.01,12.75
Bow Island,75,CA,1566339209,30,49.87,-111.38,82.99,10.29
Hoi An,40,VN,1566339211,55,15.88,108.33,87.8,3.36
Prince George,1,CA,1566339212,56,53.92,-122.75,75.0,3.36
Palauig,100,PH,1566339213,79,15.44,119.9,83.03,10.25
Bestobe,100,KZ,1566339216,56,52.5,73.1,61.07,4.43
Hun,0,BE,1566339218,76,50.34,4.87,59.0,5.82
Shenjiamen,0,CN,1566339219,80,29.96,122.3,79.97,6.82
Ashtian,0,IR,1566339220,17,34.52,50.0,68.81,6.49
Gravdal,84,NO,1566339221,87,59.79,5.78,55.0,10.29
Gwadar,0,PK,1566339222,80,25.12,62.33,81.59,12.93
Geraldton,75,CA,1566339224,77,49.72,-86.95,64.4,8.05
Batticaloa,100,LK,1566339225,78,7.71,81.69,77.45,2.39
Ewa Beach,90,US,1566339226,61,21.32,-158.01,89.6,11.41
Ullapool,22,GB,1566339227,78,57.9,-5.16,54.0,3.0
Kirakira,40,SB,1566339228,81,-10.46,161.92,79.07,19.08
Miandrivazo,24,MG,1566339230,86,-19.53,45.46,65.21,3.09
Oume,75,CI,1566339231,94,6.38,-5.42,75.2,11.41
Garowe,33,SO,1566339232,38,8.41,48.48,84.11,22.66
Koulikoro,20,ML,1566339234,94,12.86,-7.56,75.2,2.24
Sinnai,0,IT,1566339236,83,39.3,9.2,80.6,4.7
Ahipara,7,NZ,1566339237,100,-35.17,173.16,55.0,1.01
Praia,0,BR,1566339238,41,-20.25,-43.81,81.0,8.05
Huanren,100,CN,1566339240,94,41.26,125.37,62.51,5.17
Mega,100,ET,1566339241,51,4.06,38.32,75.47,15.5
Oyama,75,JP,1566339243,94,36.31,139.8,84.0,2.24
Glen Allen,1,US,1566339053,55,37.67,-77.51,95.0,5.82
Bari,0,IT,1566339246,78,41.13,16.86,75.99,1.12
Fraga,0,ES,1566339247,93,41.52,0.35,66.0,2.24
Staunton,40,US,1566338705,62,38.15,-79.07,89.6,9.17
Consett,0,GB,1566339249,87,54.85,-1.83,55.4,2.24
Winslow,20,GB,1566339250,76,51.94,-0.88,60.8,9.17
Pong,76,CM,1566339251,99,4.23,10.63,71.69,2.51
Tual,3,ID,1566339253,77,-5.67,132.75,76.73,25.26
Jalu,0,LY,1566339254,41,29.03,21.55,79.61,13.49
Tuy Hoa,98,VN,1566339256,87,13.08,109.3,73.67,3.47
Norrkoping,0,SE,1566339257,87,58.59,16.18,59.0,8.05
Meridian,1,US,1566339202,16,43.61,-116.39,98.6,4.7
Grants Pass,1,US,1566339259,27,42.44,-123.33,91.99,4.7
Pontes e Lacerda,66,BR,1566339261,28,-15.23,-59.33,90.41,6.38
Izberbash,0,RU,1566339262,88,42.57,47.86,68.0,8.95
Kralendijk,40,BQ,1566339263,66,12.15,-68.27,87.8,18.34
Svarstad,4,NO,1566339264,87,59.4,9.97,59.0,6.93
Havre-Saint-Pierre,20,CA,1566339266,72,50.23,-63.6,66.2,21.92
Mayor Pablo Lagerenza,82,PY,1566339267,28,-19.93,-60.77,77.99,5.53
Rizhao,86,CN,1566339268,93,35.43,119.46,65.21,1.59
Guerrero Negro,0,MX,1566339271,85,27.97,-114.04,67.01,18.3
High Level,75,CA,1566339272,59,58.52,-117.13,62.6,12.75
Mizan Teferi,91,ET,1566339274,95,6.99,35.58,61.25,3.56
Sakaiminato,75,JP,1566339275,88,35.55,133.23,77.0,2.24
Norfolk,75,US,1566339234,66,36.85,-76.29,93.99,3.36
Egvekinot,0,RU,1566339277,60,66.32,-179.17,51.35,2.95
Hami,11,CN,1566339279,27,42.84,93.51,72.59,13.2
Marblehead,1,US,1566339280,60,42.5,-70.86,86.0,8.05
Georgiyevskoye,33,RU,1566339281,83,44.16,39.25,65.93,5.3
Touros,0,BR,1566339282,73,-5.2,-35.46,77.0,9.17
Yevlax,0,AZ,1566339284,49,40.61,47.15,72.05,7.16
Matagami,84,NG,1566339285,96,9.67,8.4,69.17,1.77
Santa Cruz de Tenerife,75,ES,1566339012,93,28.47,-16.25,73.4,14.99
Uray,0,RU,1566339287,81,60.13,64.8,50.27,3.67
Aklavik,75,CA,1566339290,66,68.22,-135.01,48.2,8.05
San Carlos,100,NI,1566339291,1,11.12,-84.78,73.99,3.71
Cardoso,5,BR,1566339292,53,-20.08,-49.91,79.61,12.46
Zyryanskoye,100,RU,1566339293,95,56.83,86.62,48.65,3.91
Ola,25,RU,1566339296,86,59.58,151.3,54.59,2.15
Ranau,75,MY,1566339297,88,5.95,116.67,75.2,6.93
Saint-Georges,0,CA,1566339298,53,46.12,-70.67,78.01,4.0
Constitucion,75,MX,1566339300,34,23.99,-104.67,82.0,4.7
Vao,0,EE,1566339301,91,59.1,26.19,54.41,6.96
Zhezkazgan,100,KZ,1566339302,38,47.8,67.71,69.17,3.69
Millinocket,1,US,1566339304,42,45.66,-68.71,80.6,7.38
Bandarbeyla,3,SO,1566339305,72,9.49,50.81,76.37,21.21
Honningsvag,75,NO,1566339306,87,70.98,25.97,50.0,5.82
Poum,0,MK,1566339310,55,41.28,20.71,63.59,3.36
Kualakapuas,20,ID,1566339311,83,-3.01,114.39,75.2,2.24
Nizhniy Ingash,34,RU,1566339312,78,56.2,96.53,53.33,3.69
Taoudenni,13,ML,1566339313,19,22.68,-3.98,102.65,21.97
Ternate,75,PH,1566339314,83,14.29,120.72,84.99,9.17
Telford,100,GB,1566339315,77,52.68,-2.45,59.0,9.17
Mennecy,0,FR,1566339317,63,48.57,2.43,64.0,4.7
Presidencia Roque Saenz Pena,0,AR,1566339318,40,-26.79,-60.44,65.21,5.68
Namatanai,100,PG,1566339319,91,-3.66,152.44,74.75,11.54
Poso,88,ID,1566339320,89,-1.4,120.75,57.65,5.82
Fairbanks,1,US,1566339106,41,64.84,-147.72,60.01,0.89
Mardin,0,TR,1566339322,17,37.32,40.72,89.6,11.41
Rabo de Peixe,40,PT,1566339324,94,37.8,-25.58,71.6,8.05
Mandiana,99,GN,1566339325,96,10.62,-8.7,73.49,3.09
Semnan,0,IR,1566339327,36,35.58,53.39,62.51,1.79
Tigil,73,RU,1566339328,83,57.8,158.67,56.39,4.16
Auki,76,NG,1566339329,91,12.18,6.51,73.13,5.3
Sivas,75,TR,1566339331,82,39.75,37.01,57.2,9.17
Resistencia,0,AR,1566339332,28,-27.45,-58.99,68.0,9.17
Ixtapa,40,MX,1566339333,63,20.71,-105.21,95.0,8.05
Funtua,100,NG,1566339334,94,11.52,7.31,69.89,6.42
Srednekolymsk,0,RU,1566339336,51,67.46,153.71,66.29,6.2
Kloulklubed,75,PW,1566339337,83,7.04,134.26,80.6,11.41
Ciudad Bolivar,38,VE,1566339339,63,8.12,-63.55,88.25,5.5
Poysdorf,0,AT,1566339340,78,48.67,16.63,77.0,5.82
Porto Tolle,0,IT,1566339341,83,44.95,12.32,78.01,1.12
Purpe,33,RU,1566339342,95,64.48,76.69,52.0,12.46
Veseloyarsk,0,RU,1566339343,59,51.29,81.11,54.77,2.98
Haines Junction,32,CA,1566339344,34,60.75,-137.51,48.47,4.81
Villarrica,0,CL,1566339345,82,-39.28,-72.23,55.4,4.7
Burnie,77,AU,1566339347,74,-41.05,145.91,50.0,18.99
Rawson,0,AR,1566339348,58,-43.3,-65.11,43.43,11.34
Fort Worth,40,US,1566339228,27,32.75,-97.33,102.2,14.99
Mogadishu,41,SO,1566339192,85,2.04,45.34,75.83,16.02
Aksu,0,KZ,1566339351,76,52.04,76.93,50.0,2.24
Jumla,40,NP,1566339352,95,29.28,82.18,51.17,2.24
Muli,90,CN,1566339354,70,28.08,109.56,73.67,2.13
Dzilam Gonzalez,8,MX,1566339355,91,21.28,-88.93,81.0,7.0
Beringovskiy,0,RU,1566339356,57,63.05,179.32,50.99,8.61
Erenhot,0,CN,1566339357,51,43.65,111.97,59.63,9.17
La Rioja,0,AR,1566339358,48,-29.41,-66.86,51.53,6.04
Aberdeen,1,US,1566339174,39,46.98,-123.82,82.99,12.75
Obama,99,JP,1566339360,94,35.49,135.74,80.01,2.64
Bacong,39,PH,1566339363,72,6.14,124.31,81.59,5.12
Sokoni,0,CD,1566339364,36,-12.89,28.78,55.13,7.47
Saint-Louis,20,SN,1566339365,83,16.03,-16.5,82.4,6.93
San Cristobal,98,HN,1566339366,72,14.68,-86.92,78.17,3.83
Weilburg,0,DE,1566339367,77,50.48,8.27,64.0,9.17
Champerico,75,MX,1566339369,73,16.38,-93.6,77.0,8.05
Richards Bay,23,ZA,1566339370,73,-28.77,32.06,66.83,12.46
San Juan,0,AR,1566339312,50,-31.54,-68.53,46.85,6.85
Yendi,91,GH,1566339372,94,9.45,0.0,74.75,3.4
Issoire,0,FR,1566339373,81,45.54,3.25,53.6,5.82
Mandalgovi,100,MN,1566339375,77,45.76,106.27,48.11,3.44
Galesong,20,ID,1566339377,73,-5.32,119.37,77.0,4.7
Bosanska Kostajnica,0,HR,1566339245,88,45.22,16.54,73.4,0.78
Jiuquan,97,CN,1566339379,19,39.73,98.49,67.01,5.93
Rio Grande,40,BR,1566339112,75,-32.03,-52.1,46.4,6.93
Bheramara,100,BD,1566339381,89,24.02,89.0,80.15,5.91
Russkaya Polyana,67,RU,1566339382,76,53.78,73.88,52.97,3.65
Vestmannaeyjar,100,IS,1566339384,80,63.44,-20.27,51.89,32.75
Kirensk,2,RU,1566339385,96,57.78,108.12,43.61,1.66
Pueblo,1,US,1566339162,8,38.25,-104.61,102.0,8.05
Ust-Kulom,66,RU,1566339387,99,61.69,53.69,54.95,3.89
Harur,100,IN,1566339388,96,12.06,78.48,72.77,7.29
Hendersonville,75,US,1566339184,59,36.3,-86.62,95.0,3.74
Calabozo,37,VE,1566339391,82,8.92,-67.43,85.01,2.73
Kalmunai,100,LK,1566339392,78,7.42,81.82,77.45,2.39
Douglas,75,US,1566339394,33,58.28,-134.39,62.6,13.87
Prince Rupert,90,CA,1566339395,82,54.32,-130.32,60.8,9.17
Mount Gambier,90,AU,1566339396,93,-37.83,140.78,51.8,16.11
Balasore,100,IN,1566339397,89,21.5,86.92,79.25,2.37
Manitowoc,20,US,1566339162,74,44.09,-87.66,82.99,9.17
Thaton,100,MM,1566339400,88,16.91,97.37,78.53,12.01
Buta,84,CD,1566339401,93,2.79,24.73,69.89,1.79
Borzna,0,UA,1566339402,62,51.25,32.43,67.55,6.46
San Lorenzo,16,HN,1566339403,44,13.43,-87.45,94.37,4.41
Nago,0,IT,1566339405,69,45.88,10.89,80.6,4.7
Moron,65,HT,1566339406,71,18.56,-74.26,83.75,5.12
Ventersburg,0,ZA,1566339407,42,-28.08,27.14,49.73,11.9
Boysun,0,UZ,1566339408,36,38.2,67.2,51.71,3.6
Rio Gallegos,0,AR,1566339409,75,-51.62,-69.22,41.0,14.99
Colac,94,AU,1566339410,98,-38.34,143.59,53.01,3.0
